n_components,n_neighbors,min_dist,min_cluster_size,min_samples,top_n_words,coherence_score,cohenrece_score_umass,n_topics
11,20,0.05,5,5,5,0.5772587482601989,-7.819817062017731,20
15,10,0.01,5,5,5,0.57294793242338,-8.423614506178767,26
17,10,0.0,5,5,5,0.5705683782503861,-8.46404561848143,24
19,10,0.05,5,5,5,0.569030980589417,-8.225197990852632,21
19,15,0.05,5,5,5,0.5675681875318576,-8.150177343651453,18
3,20,0.05,5,5,5,0.56505354087161,-8.504878768025286,23
15,10,0.0,5,5,5,0.5644001934859457,-8.48806333967258,26
9,10,0.01,5,5,5,0.5558549210837764,-7.918614115612386,17
15,10,0.05,5,5,5,0.5515605191820829,-8.44897768964867,20
19,20,0.01,5,5,5,0.5508897906549722,-8.130803723482282,16
19,10,0.05,10,5,5,0.5480376968775584,-8.304317779069274,17
3,15,0.05,5,5,5,0.5470717499140294,,24
7,20,0.05,5,5,5,0.5407072007643419,,23
10,10,0.01,5,5,5,0.5401855655189117,-8.83735113575485,23
5,10,0.05,5,5,5,0.5392488909834182,-8.640161243420984,23
9,20,0.05,5,5,5,0.5370659750022441,-8.846108832992385,15
3,15,0.0,5,5,5,0.5368385059219398,-9.426767521292941,26
17,10,0.01,5,5,5,0.5362722010031875,-9.282252573720381,24
15,15,0.05,5,5,5,0.5354571660182277,-9.695835879153925,19
7,10,0.01,5,5,5,0.5310980563370041,-7.750640668374187,6
9,15,0.05,10,5,5,0.5306140308564455,-9.00580321619106,7
11,5,0.0,5,5,5,0.5296930868194715,-8.019908547600942,11
9,20,0.0,5,5,5,0.5291401852063903,-8.858285310030706,19
9,10,0.0,5,5,5,0.5284674567819394,-8.299201193826192,18
21,20,0.01,5,5,5,0.5284541189579175,-8.145012223674637,14
3,10,0.01,5,5,5,0.5260258588545629,-9.54322411262171,20
17,20,0.0,5,5,5,0.5229944439900438,-8.964421918678259,22
21,10,0.01,10,5,5,0.522514280186706,-8.311214935432714,15
10,10,0.0,5,5,5,0.5220646871365555,-9.449415202219988,21
12,20,0.01,5,5,5,0.5220532860374874,-9.279830669698024,22
11,20,0.0,5,5,5,0.5206948051366758,-8.86670582642179,17
19,10,0.0,5,5,5,0.520655216509497,-8.770036990030558,23
7,20,0.01,10,5,5,0.5205302218313989,-8.619695492321117,14
3,15,0.01,5,5,5,0.5187036856290286,-9.68067729734164,26
10,10,0.0,10,5,5,0.5185080609480659,-8.86894888451796,18
19,15,0.01,5,5,5,0.5177310100187773,-9.340395976207747,18
19,5,0.0,5,5,5,0.516047387561026,-7.72359134017543,8
12,10,0.0,5,5,5,0.5159689235623689,-9.724716925647671,24
11,10,0.0,5,5,5,0.5136199592826962,-8.644879945441623,18
13,20,0.05,5,5,5,0.5128914393715891,-8.921655268019387,14
11,10,0.01,5,5,5,0.5115698977195487,-9.79037768634296,22
9,10,0.05,5,5,5,0.5110546669194058,-8.46132861166541,15
7,15,0.0,5,5,5,0.5092433583861528,-8.941597496117014,14
9,20,0.01,5,5,5,0.508516261355763,-10.164031849640953,20
21,10,0.0,10,5,5,0.5085053042473666,-9.108078382789639,17
8,20,0.0,5,5,5,0.5073651727741437,-9.473929426004837,20
9,15,0.05,5,5,5,0.5065455729195956,-10.109767411534776,20
17,20,0.05,5,5,5,0.504543450706798,-9.544931868501031,22
5,20,0.0,5,5,5,0.5044102597916842,-9.734926613154613,24
5,10,0.0,5,5,5,0.5042913715951747,-8.356988627503718,14
19,20,0.05,5,5,5,0.5031576745829263,-9.935409596566206,20
15,5,0.01,5,5,5,0.5030331346915522,-9.251692179694167,9
5,15,0.01,5,5,5,0.5027954102630818,-9.584643947024517,21
19,15,0.0,10,5,5,0.5024488943636072,-8.849478184551883,14
19,15,0.0,5,5,5,0.5019941284331938,-9.641516742420277,23
10,20,0.01,5,5,5,0.5018231952564369,-9.933801245318296,21
20,10,0.01,10,5,5,0.5017170407979424,-9.234332989038126,15
20,10,0.0,10,5,5,0.5016615615900294,-9.216853229601517,15
7,5,0.05,5,5,5,0.5015784319862131,-8.262431121224942,9
19,20,0.0,5,5,5,0.5014566843728061,-9.201036327943674,16
17,10,0.0,10,5,5,0.501080026218466,-9.504232567693997,17
17,15,0.0,5,5,5,0.5005062059229916,-9.622502373007208,17
13,10,0.05,10,5,5,0.500463239181436,-9.54341497632131,16
19,10,0.0,10,5,5,0.49946950582415195,-9.179916694465241,19
7,20,0.05,10,5,5,0.498464499694494,-8.657108827000911,13
15,15,0.01,5,5,5,0.49699715486252316,-10.78143246584067,24
5,15,0.05,5,5,5,0.4964936374011398,-9.783373683216343,23
12,10,0.0,10,5,5,0.4963561814303044,-9.49277297030913,16
13,10,0.05,5,5,5,0.4963319025384879,-9.997805948264418,17
19,15,0.01,10,5,5,0.4956367577031359,-9.115291956440466,14
19,20,0.05,10,5,10,0.49489961886795997,-13.381183878337437,3
5,20,0.01,5,5,5,0.49485014126518867,-10.132947205492664,25
21,15,0.05,10,5,5,0.49407013950331086,-9.581099361921561,14
3,20,0.01,5,5,5,0.4932744823185785,-10.635978209782644,19
19,10,0.01,5,5,5,0.4926666409878901,-9.315570354232051,17
5,5,0.05,5,5,5,0.4921668775484501,-9.250592189020916,11
17,10,0.01,10,5,5,0.49199925634714725,-9.37690726521817,16
13,10,0.01,5,5,5,0.4917019760876768,-8.895964232935736,18
10,5,0.0,10,5,5,0.4916522470645423,-10.024577162931145,17
3,5,0.05,5,5,5,0.4915113844481369,-11.11241125946032,15
20,20,0.0,5,5,5,0.4912788965971291,-9.36651903289664,16
3,20,0.0,5,5,5,0.49122591051187814,-10.673505211334396,19
21,20,0.05,5,5,5,0.49116517719048186,-9.000391462787062,14
19,10,0.01,10,5,5,0.4905693465761958,-9.644287332513578,19
12,20,0.0,5,5,5,0.4901636545508463,-9.743982083888833,19
10,20,0.0,10,5,5,0.4901333095755122,-8.833366686588212,13
17,15,0.01,10,5,5,0.4890817729428471,-12.81480807853985,3
21,5,0.01,5,5,5,0.4883007454472386,-9.482992143725822,20
11,10,0.0,10,5,5,0.4875821430745222,-9.49878740619281,17
5,20,0.05,5,5,5,0.48755779426760876,-10.22647775423485,23
13,15,0.01,10,5,5,0.48745897004836586,-9.7429881732716,9
3,10,0.0,5,5,5,0.48721961519449525,-11.04112700361619,30
17,20,0.01,5,5,5,0.48699305727011677,-9.590267195636645,22
5,15,0.01,10,5,5,0.48676354375243575,-9.503381181751871,18
10,10,0.01,10,5,5,0.4866088885551352,-9.527207900906618,17
11,10,0.05,5,5,5,0.4864480358728144,-10.368616722862825,21
3,10,0.05,5,5,5,0.4861303135459472,-9.772940082268654,24
10,20,0.0,5,5,5,0.4857188730499056,-10.576949249348084,23
11,10,0.01,10,5,5,0.48512603348286515,-9.603779475850335,16
21,10,0.0,5,5,5,0.48483833992526026,-9.533871494360444,19
12,10,0.01,5,5,5,0.4847130786041844,-9.27397232234805,16
11,15,0.05,5,5,5,0.4823930815303661,-9.348108883809303,9
3,10,0.0,10,5,5,0.48165394348189033,-9.269303543661914,13
21,20,0.0,5,5,5,0.4816191546819842,-8.768935629465906,18
3,15,0.01,10,5,5,0.48069216785019103,-9.224754479756662,14
12,10,0.01,10,5,5,0.4804969155743787,-9.70927444390747,16
7,20,0.0,5,5,5,0.47993674800740305,-10.671398779810653,25
12,20,0.01,10,5,5,0.4784480777761548,-9.285441803634212,15
13,15,0.01,5,5,5,0.47798766172748974,-10.38290860000201,18
21,10,0.01,5,5,5,0.4778847403783463,-9.569679327172278,18
20,10,0.01,5,5,5,0.4776505006533134,-9.91505923899794,22
15,20,0.01,5,5,5,0.4773011116445141,-10.467745665782207,21
21,15,0.01,10,5,5,0.4771455083549511,-10.130938483515525,13
21,15,0.01,5,5,5,0.4770806062922428,-9.830803814277976,16
7,10,0.0,10,5,10,0.4766361848363514,-13.171780540646964,4
20,10,0.0,5,5,5,0.476618424023295,-10.42569455086049,22
21,5,0.05,5,5,5,0.4764354432280265,-10.456462311022364,21
20,20,0.01,5,5,5,0.4753320540501557,-10.774550383912306,22
5,15,0.05,10,5,5,0.4753110984594697,-9.915971102704951,17
9,15,0.0,5,5,5,0.4751796440056148,-11.31669605976091,23
13,15,0.0,5,5,5,0.47515611180205125,-10.524443108426789,25
11,20,0.0,10,5,5,0.47512011521026926,-10.119689391199888,14
8,10,0.0,10,5,5,0.4751143076632358,-10.353664275098216,16
13,10,0.01,10,5,5,0.4748821287306242,-9.847148734313528,14
15,15,0.0,5,5,5,0.47457205394120155,-11.454447954663829,20
17,15,0.05,10,5,5,0.472789829570666,-10.579104921104648,12
10,5,0.01,10,5,5,0.4712264604760021,-7.792276747351239,4
7,15,0.01,5,5,5,0.4706540111586253,-10.423633751075348,20
15,20,0.05,5,5,5,0.4700341363422926,-10.00121126822814,19
13,10,0.0,5,5,5,0.46965909042345544,-9.448942573615305,18
20,5,0.0,5,5,5,0.4694109808258727,-9.42667285762314,10
15,20,0.01,10,5,5,0.46937647823958506,-10.45122349812971,12
15,5,0.05,5,5,5,0.4692344738834312,-10.772676114501941,19
7,20,0.01,5,5,5,0.4690676997688026,-11.124474670073003,27
17,5,0.01,5,5,5,0.46620424172881536,-10.967680463816361,11
20,20,0.0,10,5,5,0.4660077738401987,-10.374880708779369,14
21,15,0.05,5,5,5,0.4654129397109793,-9.954918173508338,15
9,5,0.05,10,5,5,0.4651669400146106,-10.65514321293422,12
17,20,0.0,10,5,5,0.4651187960455663,-9.595219618831894,13
11,15,0.01,10,5,5,0.46481339020250456,-8.206681812362309,5
12,15,0.0,10,5,5,0.4648133902025045,-8.206681812362309,5
10,15,0.0,5,5,5,0.464128762815518,-10.863621370488085,26
9,15,0.01,5,5,5,0.4638328223995352,-11.554519035347457,23
8,15,0.0,10,5,5,0.4637729106233316,-9.411900420540194,12
21,5,0.0,5,5,5,0.46327712332778714,-10.478254311142551,32
13,20,0.05,10,5,5,0.46307994845386524,-10.6390956863031,10
5,20,0.05,10,5,5,0.46300197937956983,-9.882033981327238,15
17,5,0.05,5,5,5,0.4628593434736843,-11.263166804531066,12
13,5,0.0,5,5,5,0.4628455278170468,-9.601457084638557,14
8,15,0.01,10,5,5,0.4627741889029935,-8.655681953108468,4
8,5,0.0,5,5,5,0.4626786291279042,-10.87199429704247,10
12,5,0.0,10,5,5,0.461423097634074,-10.43875097662207,13
15,10,0.0,10,5,5,0.4610007575458406,-10.507564239068657,13
17,15,0.01,10,5,10,0.46069145071826434,-13.137249793704484,3
5,15,0.0,5,5,5,0.46018534329351174,-10.786194162077795,20
9,10,0.0,10,5,5,0.4600008326447086,-10.406337397751688,17
10,20,0.01,10,5,5,0.4598153807939398,-9.613424549513873,13
19,20,0.01,10,5,5,0.45980856557760025,-9.664962658109133,11
17,10,0.05,5,5,5,0.459727600946439,-10.443027977573717,19
3,15,0.0,10,5,5,0.4591681942669196,-10.029264557373128,13
3,5,0.0,5,5,5,0.45888905965969196,-11.734701383033874,13
17,15,0.01,5,5,5,0.45840602094565946,-9.668348097207696,12
15,20,0.0,5,5,5,0.45801694056894054,-10.211221761330247,21
11,15,0.0,5,5,5,0.45765611268882966,-10.400295567396554,18
8,10,0.0,5,5,5,0.4576507195844031,-10.78772899962731,17
11,15,0.01,5,5,5,0.45722268432977103,-10.543097656318096,17
20,15,0.0,5,5,5,0.4570551649870261,-9.97487361988641,17
5,10,0.01,5,5,5,0.4569945153894136,-10.325287797838854,19
17,5,0.0,10,5,5,0.45692517098831753,-9.937887982221683,13
7,15,0.01,10,5,5,0.4568826568842405,-10.533290475332935,13
8,10,0.01,5,5,5,0.4557143966617291,-9.88420312607793,19
3,15,0.05,10,5,5,0.4556863269991866,-9.869591237768953,10
10,15,0.0,10,5,5,0.4553464153336028,-10.512762828765446,12
3,10,0.05,10,5,5,0.45523683249594177,-9.976171469343429,15
11,20,0.01,5,5,5,0.4545041441692948,-9.979090642552471,10
15,10,0.05,10,5,5,0.45435226900316517,-9.815756837613431,15
13,15,0.05,10,5,5,0.45392042555683626,-10.497663684714153,12
8,20,0.01,10,5,5,0.4536302878744245,-10.183029243612566,16
9,10,0.05,10,5,5,0.4516688192249244,-9.645797682185783,12
13,5,0.05,5,5,5,0.4508781875846218,-9.977826726981835,17
20,15,0.01,5,5,5,0.4501967172605161,-11.08648311513674,27
12,15,0.0,5,5,5,0.4500782308816244,-10.071168052649869,15
7,10,0.01,10,5,5,0.44973996185927495,-10.369059389288042,16
5,5,0.01,5,5,5,0.44958039835197433,-11.691596408461354,31
15,5,0.0,5,5,5,0.44900613196179767,-11.11806935332064,22
21,10,0.05,10,5,5,0.4487141472574272,-9.831724884000899,12
15,20,0.0,10,5,5,0.44718579827993477,-10.982552162017642,13
8,5,0.01,10,5,5,0.4464229330624193,-10.428484009251871,19
21,5,0.05,10,5,5,0.44601920368581494,-10.189379707321608,12
11,5,0.05,10,5,5,0.44518604073368995,-10.606889338454357,18
15,10,0.01,10,5,5,0.4441076515513527,-10.836502549765234,13
13,10,0.0,10,5,5,0.44387123028675984,-10.026693397348705,15
3,20,0.0,10,5,5,0.44325637776159593,-10.873011698910446,11
15,15,0.01,10,5,5,0.4419664283582068,-9.84756027416165,14
21,5,0.0,10,5,5,0.44164066935010393,-10.429433550162033,15
12,5,0.01,5,5,5,0.4413178679680465,-11.898804767202847,13
8,15,0.01,5,5,5,0.441165516721331,-9.853667407453852,14
10,15,0.01,10,5,5,0.4400334921188731,-11.026540888992418,14
3,5,0.0,10,5,5,0.4390783630204107,-11.642510211204316,3
3,10,0.01,10,5,5,0.43873965773160506,-10.215507788620455,15
8,20,0.01,5,5,5,0.4380193735860687,-10.706264880115883,17
12,15,0.01,5,5,5,0.437723711617811,-10.248869122480375,14
12,5,0.0,5,5,5,0.4363089734960803,-11.802797659815727,14
9,10,0.01,10,5,5,0.4362177511446174,-10.606902750524274,17
13,15,0.05,5,5,5,0.43529917724854383,-11.502240803605247,16
8,15,0.0,5,5,5,0.4351190932044809,,15
11,5,0.01,5,5,5,0.4350678397284829,-11.777811260692825,30
17,5,0.01,10,5,5,0.4342372060875571,-11.482989188997221,14
13,20,0.0,5,5,5,0.43397792651781925,-10.766604996325897,11
17,15,0.0,10,5,5,0.43376087034908234,-9.406703639548823,4
3,20,0.05,10,5,5,0.43364567055761005,-11.446587035726699,11
21,15,0.0,5,5,5,0.4332023889944506,-10.603013354404988,16
13,20,0.01,5,5,5,0.4326151677023768,-10.34490839386681,10
3,5,0.0,10,5,10,0.4316515866207755,-13.044920874335801,3
10,5,0.01,10,5,10,0.431579728014243,-12.19409678381541,4
13,20,0.05,5,5,10,0.43119509619243784,-12.50283559203326,14
7,15,0.05,10,5,5,0.43097569907082556,-11.172710560114334,14
19,5,0.01,5,5,5,0.4304105108273507,-11.096056121830777,10
7,10,0.0,5,5,5,0.43038391927942593,-11.59492426671574,20
9,5,0.05,5,5,5,0.43022832254294485,-11.498293926583559,12
11,5,0.0,10,5,5,0.43002915987990703,-10.997846529313122,20
9,5,0.01,5,5,5,0.4299201528139114,-12.245756428164698,13
21,10,0.05,5,5,5,0.4298865430783355,-10.460284160558821,14
5,10,0.05,10,5,5,0.42871321501097115,-10.165636934353067,13
19,20,0.0,10,5,5,0.42823164666361,-11.102814037062851,11
9,20,0.05,10,5,5,0.42803383848126214,-11.244319659567958,13
12,5,0.0,10,5,10,0.4279654563741655,-14.04620006495499,13
19,5,0.01,10,5,10,0.42794508982323914,-13.554515931178408,5
3,20,0.01,10,5,5,0.42787276320056056,-11.230755354405984,10
21,5,0.05,10,5,10,0.4276264123850822,-12.354963885144038,12
7,5,0.0,5,5,5,0.42728543357505977,-12.312142377034458,28
9,5,0.0,5,5,5,0.4272589228399387,-12.478316652188111,14
10,5,0.0,5,5,5,0.4268990211563843,-12.236671203487877,20
12,20,0.0,10,5,5,0.42662379734736,-10.390101267448117,15
11,20,0.01,10,5,5,0.42642314278062543,-11.425985322053558,9
17,5,0.01,5,5,10,0.4261544521643298,-14.307698824035958,11
8,20,0.0,10,5,10,0.4254531765583916,-13.49919811031925,11
17,5,0.05,10,5,5,0.42523564851457907,-11.036149269410636,12
5,15,0.0,10,5,5,0.4249376407643837,-10.678270286356604,16
7,10,0.0,10,5,5,0.4242433637195271,-11.827420368896695,4
5,10,0.0,10,5,5,0.4240890679826775,-11.838502809354907,13
7,15,0.0,10,5,5,0.42401026521723245,-11.495983235155256,13
11,5,0.05,5,5,5,0.42387373293457264,-11.83331574920726,14
19,20,0.05,10,5,5,0.4238557523960296,-12.81249228476088,3
11,15,0.0,10,5,10,0.4235599490847784,-12.444527670398413,5
11,5,0.0,5,5,10,0.4232971380561402,-11.093469269032699,11
20,5,0.01,5,5,5,0.4232848859399724,-11.72443023783685,13
7,10,0.05,5,5,5,0.4223098571391376,-11.58428032747326,24
20,20,0.01,10,5,10,0.4221587883050972,-12.85835129108122,12
8,5,0.01,5,5,5,0.4215629114068689,-11.857423766915163,22
17,5,0.05,10,5,10,0.42088205771249076,-13.136458122169064,12
11,10,0.05,10,5,5,0.4200728864433388,-10.895845377000906,16
17,5,0.0,5,5,5,0.4196363197188884,-11.580491847191881,23
19,15,0.05,10,5,5,0.41956379764736795,-10.637038034428224,10
12,5,0.0,5,5,10,0.4188363801622289,-14.548092179350943,14
7,5,0.01,10,5,5,0.4184608896996036,-10.891436709316272,13
7,15,0.05,5,5,5,0.4184054044359475,-10.79745836988712,17
15,20,0.0,10,5,10,0.4181076252009443,-12.80516161029586,13
11,5,0.01,10,5,5,0.41734513027771375,-11.682738560087436,20
9,20,0.0,10,5,5,0.4169877289014709,-11.015623341916097,12
15,5,0.0,10,5,5,0.4159445734966047,-10.458630335973481,12
17,15,0.05,10,5,10,0.4156757027293773,-13.412840137417247,12
5,10,0.01,10,5,5,0.41520030607447794,-11.678463757213146,15
9,15,0.05,10,5,10,0.415193916442072,-12.527377858594456,7
17,5,0.01,10,5,10,0.41442889941654165,-14.174574175095001,14
10,15,0.01,5,5,5,0.4138836926537749,,15
12,5,0.01,5,5,10,0.4135556542942375,-14.416327301899251,13
3,20,0.01,5,5,10,0.41344433445163664,-13.555174668266453,19
20,5,0.01,5,5,10,0.4133609522425064,-13.99605038169124,13
17,20,0.05,10,5,5,0.4129920428704704,-11.32900853284299,12
17,10,0.05,10,5,5,0.41299071090955375,-10.07615219216374,5
11,15,0.0,10,5,5,0.41299071090955375,-10.07615219216374,5
17,5,0.05,5,5,10,0.4125818061002326,-14.346150376928911,12
19,5,0.01,5,5,10,0.4120863965805349,-13.349791894551451,10
7,5,0.05,10,5,5,0.4117812660314922,-9.894148435392621,13
7,5,0.0,10,5,10,0.41176955963605677,-13.493620601024437,11
9,5,0.05,10,5,10,0.41167652231488855,-12.395613254333517,12
12,15,0.0,10,5,10,0.4116058106936295,-12.37583666780856,5
19,10,0.0,10,5,10,0.41139239422570195,-11.97924198342384,19
10,5,0.01,5,5,10,0.4108702187405902,-14.62662526250762,21
13,20,0.0,10,5,5,0.41084375787666483,-11.263337865883804,11
8,20,0.0,10,5,5,0.4108403756368121,-11.22299148209726,11
5,5,0.0,5,5,5,0.4107830314508402,-12.340573687593512,16
15,20,0.01,10,5,10,0.4098665894711191,-12.869802418244092,12
9,15,0.0,10,5,5,0.40966497084750647,-10.461415438090688,4
19,20,0.0,10,5,10,0.40922894010233923,-12.568412434174956,11
21,20,0.01,10,5,5,0.40880521592622104,-10.759313249047162,12
19,20,0.0,5,5,10,0.4083111449620334,-12.402122293022002,16
9,10,0.01,5,5,10,0.40797817419802085,-11.873517295082383,17
3,20,0.05,5,5,10,0.4076953334659178,-12.656844185436325,23
17,10,0.05,10,5,10,0.4076086244226793,-12.604309433243976,5
19,10,0.0,5,5,10,0.40760277938690986,-12.861752878072712,23
5,5,0.0,10,5,10,0.4075133852933608,-14.884707247700868,9
3,20,0.01,10,5,10,0.40721045657240007,-13.11635185901856,10
15,5,0.0,5,5,10,0.407048808572975,-13.133075899733294,22
3,20,0.0,10,5,10,0.4069228458733397,-13.682319106934079,11
15,15,0.05,5,5,10,0.4069216696704178,-13.49394902766097,19
9,20,0.0,10,5,10,0.40680874334239686,-13.333303103227257,12
3,15,0.05,5,5,10,0.40671500062611643,,24
5,10,0.0,5,5,10,0.40667420557118017,-12.14637959154559,14
11,15,0.01,10,5,10,0.4066017009381207,-12.359988017676056,5
19,5,0.01,10,5,5,0.40607275652257124,-11.986853888726802,5
15,5,0.01,10,5,5,0.40603519356087897,-10.875749779418603,12
21,15,0.0,10,5,5,0.40583014675259427,-11.427818846172325,10
20,5,0.0,10,5,5,0.4058246639478083,-11.224052786708835,12
17,20,0.01,10,5,10,0.40535616069873515,-13.51661808576423,11
5,20,0.01,10,5,5,0.4048821848381712,-11.461541698670004,8
11,20,0.05,10,5,5,0.4048567437886999,-10.623327881244029,13
7,5,0.0,10,5,5,0.4045568440272998,-11.766880609808801,11
8,10,0.01,10,5,5,0.4044169036486175,-11.111574690890455,11
21,20,0.01,5,5,10,0.40423184463693423,-12.323542836883238,14
17,15,0.0,10,5,10,0.40409660900911376,-12.582223777272803,4
21,20,0.05,10,5,5,0.4037377152704362,-10.819981260795387,12
8,5,0.0,5,5,10,0.403564131056128,-13.700130003068177,10
19,20,0.01,5,5,10,0.40341019403994893,-12.309315437630875,16
9,5,0.01,10,5,5,0.40338378856754437,-10.83768171019968,13
20,5,0.01,10,5,5,0.4027345411274943,-11.374236393517767,13
11,20,0.0,10,5,10,0.4026299718516656,-12.724462348392022,14
3,5,0.0,5,5,10,0.40261571429521353,-14.540104524992534,13
13,20,0.01,10,5,5,0.40254577295290994,-12.150749453306188,11
20,20,0.0,10,5,10,0.4021460651033021,-12.649074465551362,14
7,20,0.0,10,5,5,0.4020252915139408,-11.163219075881264,11
7,5,0.05,5,5,10,0.40200382817101976,-12.02689863411174,9
13,5,0.0,5,5,10,0.40182051298772004,-12.962080401188462,14
9,10,0.01,10,5,10,0.4017642497276208,-12.85451474455749,17
9,5,0.0,5,5,10,0.40123804189346246,-14.453126869010175,14
20,20,0.01,10,5,5,0.4009215035153652,-11.42632701282792,12
15,10,0.05,10,5,10,0.4007288447737284,-12.693584367626817,15
17,5,0.0,5,5,10,0.4006344347534607,-13.899635207517111,23
7,10,0.05,10,5,5,0.40047490401399144,-11.750474310923103,14
20,10,0.01,10,5,10,0.4003974619483808,-12.314028690512826,15
17,20,0.05,10,5,10,0.40024476936867737,-13.398148691762692,12
15,20,0.0,5,5,10,0.39964252448539284,-12.251013619410637,21
13,15,0.05,10,5,10,0.3993644634032946,-13.188595911798087,12
5,20,0.0,10,5,10,0.39887713757235893,-13.62956842033937,7
20,20,0.01,5,5,10,0.3986921081647062,-13.16136382188916,22
3,20,0.05,10,5,10,0.3981338492904953,-13.395170944257876,11
21,15,0.05,10,5,10,0.3973479473604398,-12.895124109891432,14
21,20,0.01,10,5,10,0.39708879179695117,-13.242253722126115,12
12,20,0.01,5,5,10,0.3968645948279724,-12.62849361079412,22
8,15,0.0,10,5,10,0.3964765914729636,-12.93198768728083,12
15,5,0.01,10,5,10,0.3964664547408103,-13.621083565722802,12
11,5,0.05,10,5,10,0.39617210844078404,-14.194580738934329,18
3,15,0.01,5,5,10,0.39609007037850075,-12.682041548205673,26
20,5,0.0,5,5,10,0.3958638527221719,-12.910328910459056,10
19,20,0.01,10,5,10,0.3958034425163254,-12.568314059057428,11
10,15,0.01,5,5,10,0.3957725330499676,,15
11,5,0.05,5,5,10,0.39523731398925677,-13.353017958634515,14
17,10,0.01,10,5,10,0.3951102840136162,-12.70818382014784,16
11,15,0.01,5,5,10,0.39484585469157857,-13.837993317917478,17
13,20,0.01,5,5,10,0.3948151741018171,-12.582261851389253,10
17,15,0.05,5,5,5,0.3947510784458783,-10.843176246157906,9
5,5,0.05,5,5,10,0.3946015012751136,-12.537228072112239,11
3,20,0.0,5,5,10,0.3945355197806289,-13.27891508981534,19
5,5,0.01,5,5,10,0.39443034847093905,-14.278474463197984,31
15,5,0.05,5,5,10,0.39436707855038194,-13.772095735178919,19
20,15,0.01,10,5,5,0.3942112561553155,-11.88180596512487,12
15,20,0.05,5,5,10,0.3941511757837031,-12.067536801476782,19
9,20,0.05,5,5,10,0.39414073392257815,-12.593728636181527,15
15,20,0.05,10,5,5,0.3941404105999623,-10.023901715519056,3
12,20,0.01,10,5,10,0.3941071613023137,-12.15364229355709,15
10,20,0.01,10,5,10,0.3940776589470114,-12.20358315851513,13
13,20,0.01,10,5,10,0.3940775399839822,-14.349523422407668,11
5,5,0.0,5,5,10,0.39374712672241324,-13.951483778560213,16
10,5,0.01,5,5,5,0.393418953228167,-13.019141659744449,21
15,20,0.01,5,5,10,0.3933286876447283,-12.45152935272339,21
15,15,0.0,10,5,5,0.3930277632282164,-11.518546875908136,9
15,5,0.01,5,5,10,0.3926597000341327,-12.799218766935233,9
19,5,0.0,5,5,10,0.3926375551647245,-10.999941443547016,8
15,10,0.01,10,5,10,0.3924416839582141,-13.45241453918912,13
9,15,0.0,10,5,10,0.3924386117899749,-13.761370568413211,4
15,15,0.05,10,5,5,0.39208562126486896,-12.108320949847602,11
7,15,0.0,5,5,10,0.3915484045814835,-12.350552462594298,14
12,15,0.01,10,5,5,0.3914596048826352,-11.654500083489904,11
11,15,0.05,10,5,10,0.39125202434770745,-12.29748851027502,6
8,15,0.01,10,5,10,0.3912022138071966,-12.047861714744045,4
3,5,0.05,5,5,10,0.39109693025441866,-14.490495702244583,15
10,15,0.0,10,5,10,0.3907318469825024,-12.97200546100532,12
7,15,0.01,10,5,10,0.3906203785042635,-13.501635840478551,13
7,15,0.0,10,5,10,0.39059019131492806,-13.897199299529811,13
9,15,0.01,10,5,5,0.3903277039952813,-11.810502839517913,11
3,10,0.01,10,5,10,0.38981279692314436,-12.991601305709214,15
21,5,0.0,5,5,10,0.3897758023356959,-14.107570599988824,32
13,5,0.05,5,5,10,0.3894135833545826,-13.195893138684172,17
8,15,0.0,5,5,10,0.3894121265577456,,15
3,10,0.01,5,5,10,0.38919989506243713,-12.951175825108193,20
21,15,0.0,5,5,10,0.3891849760529698,-13.090070179406245,16
12,10,0.01,5,5,10,0.3889878117546501,-12.541893052261342,16
19,15,0.05,10,5,10,0.3889438534226201,-13.148105245847322,10
17,20,0.01,5,5,10,0.38885944875089185,-12.906937867938828,22
8,5,0.01,10,5,10,0.3887932050825629,-13.337455487772884,19
9,10,0.05,5,5,10,0.38877754438348217,-12.333868580622681,15
11,15,0.0,5,5,10,0.388710355736442,-13.261385626136153,18
13,20,0.05,10,5,10,0.38869141141819047,-13.664016569404343,10
13,5,0.0,10,5,10,0.3885318656129874,-13.469151158931561,12
19,10,0.01,10,5,10,0.3878772786710798,-12.512805717217027,19
13,15,0.0,10,5,5,0.38775096146960336,-11.344656673191198,10
9,10,0.0,5,5,10,0.3876458573670772,-11.776998923282541,18
15,5,0.0,10,5,10,0.387559478578002,-13.382141137429688,12
7,5,0.01,5,5,5,0.3875039356662572,-13.259817699589197,27
15,15,0.01,10,5,10,0.3873974671224055,-13.091172714562635,14
9,15,0.01,10,5,10,0.38735136336078274,-13.364473170413358,11
12,10,0.01,10,5,10,0.3871792569475472,-12.996097760670615,16
21,5,0.01,5,5,10,0.38705248984684415,-13.544317715202089,20
9,20,0.01,10,5,5,0.3868184844342071,-11.410235970647218,12
3,10,0.0,5,5,10,0.3867067896709216,-13.472666426129358,30
11,15,0.05,10,5,5,0.3865358916038525,-11.435108535680893,6
3,15,0.0,5,5,10,0.38648333845505795,-12.785698966400524,26
20,15,0.0,10,5,5,0.3862899867619967,-12.515603719973797,12
9,5,0.05,5,5,10,0.38626803348823735,-13.082773593914037,12
9,20,0.01,10,5,10,0.38617854206809094,-12.766200909952216,12
10,20,0.01,5,5,10,0.3861356055559281,-12.605581810590593,21
8,20,0.01,10,5,10,0.3855488927073983,-12.613329684021132,16
21,5,0.05,5,5,10,0.38553901959711706,-13.248585696345359,21
13,20,0.0,5,5,10,0.3855042917044565,-12.594398890999516,11
13,5,0.0,10,5,5,0.38541874587940284,-11.232499587402101,12
7,10,0.05,10,5,10,0.38533551531667265,-13.889746149944573,14
17,10,0.0,10,5,10,0.3849346403070718,-12.858532993552586,17
5,20,0.01,10,5,10,0.38441419693212314,-13.177437799018263,8
17,10,0.01,5,5,10,0.38423426823573054,-12.759540895483047,24
20,5,0.0,10,5,10,0.3841261269994449,-13.41270451411964,12
15,10,0.01,5,5,10,0.3838375027600225,-12.40984723300786,26
5,5,0.01,10,5,10,0.38376823144488126,-14.281277388689015,11
7,5,0.0,5,5,10,0.3836940085053033,-14.869047253827318,28
21,5,0.0,10,5,10,0.38366482032756055,-12.912771553210863,15
20,10,0.0,10,5,10,0.383614258496335,-12.168504938036795,15
9,20,0.0,5,5,10,0.38346477939081125,-12.328765162141368,19
9,10,0.0,10,5,10,0.38322896902374054,-12.930592585450668,17
12,10,0.0,10,5,10,0.3831646881303713,-13.14185626014716,16
17,5,0.0,10,5,10,0.38295124349855386,-13.102564606417554,13
7,10,0.01,5,5,10,0.38280702768865815,-12.138236477625231,6
11,20,0.05,10,5,10,0.3827635168244024,-13.605557390678234,13
21,15,0.01,10,5,10,0.38225432499189466,-13.23924041474146,13
9,5,0.0,10,5,10,0.38217475792649075,-13.556769035285486,15
5,10,0.0,10,5,10,0.3819796662952351,-14.162603406642326,13
21,20,0.05,10,5,10,0.3819778634151628,-12.954459410665304,12
15,10,0.0,5,5,10,0.3819612223950626,-12.226149997264102,26
11,20,0.01,10,5,10,0.38181718560955724,-13.66399989750315,9
21,5,0.01,10,5,5,0.38163569030649963,-11.585895384990112,13
13,10,0.05,5,5,10,0.3815287720317826,-13.431786989529911,17
11,5,0.01,10,5,10,0.3813698777238626,-14.075498437908628,20
9,5,0.01,10,5,10,0.3812179685616022,-13.350851665885623,13
11,20,0.01,5,5,10,0.3808351974859852,-13.491397519642305,10
12,15,0.01,10,5,10,0.3803625803919647,-13.119859660577594,11
21,20,0.0,10,5,10,0.3800631905071016,-13.730212451907677,8
21,15,0.01,5,5,10,0.3799354081300762,-12.995223252310428,16
12,10,0.0,5,5,10,0.3798941226619997,-13.548811662207967,24
11,5,0.01,5,5,10,0.37966064273277134,-14.604886336296255,30
3,5,0.05,10,5,10,0.37965098731681035,-14.283529251572212,3
15,5,0.05,10,5,10,0.37965098731681035,-14.283529251572212,3
19,5,0.0,10,5,10,0.37965098731681035,-14.283529251572212,3
19,5,0.05,5,5,10,0.37965098731681035,-14.283529251572212,3
19,5,0.05,10,5,10,0.37965098731681035,-14.283529251572212,3
13,5,0.05,10,5,10,0.37965098731681035,-14.283529251572212,3
5,5,0.05,10,5,10,0.37965098731681035,-14.283529251572212,3
13,5,0.01,5,5,10,0.37965098731681035,-14.283529251572212,3
3,5,0.01,10,5,10,0.37965098731681035,-14.283529251572212,3
13,5,0.01,10,5,10,0.37965098731681035,-14.283529251572212,3
8,5,0.0,10,5,10,0.3796509873168103,-14.283529251572212,3
12,5,0.01,10,5,10,0.3796509873168103,-14.283529251572212,3
9,10,0.05,10,5,10,0.379295038712633,-12.895370743171418,12
10,5,0.0,5,5,10,0.3792150871950169,-14.699216173847626,20
10,10,0.01,5,5,10,0.3791774046562806,-12.58304417004648,23
7,10,0.0,5,5,10,0.37897763011287944,-14.179519051681202,20
13,10,0.01,5,5,10,0.37893516261007093,-12.770269797318365,18
21,5,0.01,10,5,10,0.37890576097489165,-14.273180677702873,13
17,15,0.01,5,5,10,0.3788806966266002,-13.077920838967144,12
7,5,0.05,10,5,10,0.3785870530927058,-12.881919961295175,13
3,5,0.01,5,5,5,0.3785511530815193,-12.949807227469883,19
17,20,0.0,5,5,10,0.3780767201924712,-12.370057929287267,22
13,20,0.0,10,5,10,0.37753240303892693,-13.111915773764082,11
10,20,0.0,10,5,10,0.3772532593980033,-12.58388401172068,13
10,10,0.0,10,5,10,0.377022870390294,-12.322271848330718,18
19,15,0.0,5,5,10,0.3769145385908795,-13.339063538230981,23
3,15,0.01,10,5,10,0.37689214279201705,-12.936620032701427,14
7,20,0.05,10,5,10,0.3768320187775333,-12.513866308034585,13
21,10,0.05,10,5,10,0.3764750418886363,-13.317514719893133,12
12,20,0.0,5,5,10,0.3762670606980129,-12.702032744421064,19
17,20,0.0,10,5,10,0.3760019529914871,-13.069862956004483,13
7,5,0.01,5,5,10,0.3759698091942672,-14.37551941750877,27
21,15,0.05,5,5,10,0.3758668444259783,-13.410073721996486,15
13,15,0.01,5,5,10,0.37574282593662556,-12.605845668668417,18
11,5,0.0,10,5,10,0.3756170958823898,-13.468906251910967,20
17,10,0.0,5,5,10,0.3753205925050316,-12.90091882782671,24
13,15,0.01,10,5,10,0.3752557700194775,-12.721310659102844,9
17,20,0.01,10,5,5,0.374827545764089,-11.882295502232907,11
8,20,0.0,5,5,10,0.3746880677728699,-12.833795072354503,20
15,15,0.0,10,5,10,0.3744695916723825,-13.217356094712226,9
15,10,0.05,5,5,10,0.37438516833063185,-12.286050285764595,20
9,5,0.0,10,5,5,0.3742857431638762,-11.94377786646956,15
7,15,0.05,10,5,10,0.3738652019108911,-13.442854589874004,14
20,5,0.01,10,5,10,0.3738601970937176,-12.78386556685576,13
20,20,0.0,5,5,10,0.3738158324725018,-13.136079819950693,16
7,15,0.01,5,5,10,0.37378634396166244,-13.70712220706074,20
7,20,0.0,10,5,10,0.37361088414059257,-13.983795829605535,11
10,5,0.0,10,5,10,0.3734126454604939,-13.614516189594791,17
11,10,0.0,10,5,10,0.37327391146174216,-12.529749182806466,17
11,10,0.01,10,5,10,0.3732371728931934,-13.155746834303939,16
15,10,0.0,10,5,10,0.3731072952433559,-13.326082273085136,13
19,10,0.05,10,5,10,0.3730108147587666,-12.511999987035189,17
13,15,0.0,10,5,10,0.3730035914779204,-13.03942866157262,10
5,15,0.0,10,5,10,0.37298637512969535,-12.556895566925332,16
13,10,0.01,10,5,10,0.3725602095275079,-13.586489858216291,14
8,15,0.01,5,5,10,0.3723604597144812,-12.651389771480565,14
5,10,0.05,5,5,10,0.37230642084537974,-13.036895882169524,23
5,15,0.01,5,5,10,0.37150407572762845,-13.231828182482015,21
11,10,0.0,5,5,10,0.37140237800331044,-12.530782369482203,18
17,15,0.0,5,5,10,0.37128000146654394,-13.686455960912722,17
7,20,0.05,5,5,10,0.37127668407525755,-12.867297068670961,23
11,20,0.0,5,5,10,0.3712334803333047,-12.600853081935572,17
20,15,0.01,5,5,10,0.3712188231822421,-13.410497575607092,27
8,5,0.01,5,5,10,0.3710685059112456,-14.395404193411697,22
7,5,0.01,10,5,10,0.37105274270645566,-13.233116271505414,13
13,10,0.0,5,5,10,0.37009914473346756,-13.16295577066609,18
8,10,0.0,5,5,10,0.3696521431405055,-13.818142181438082,17
21,20,0.05,5,5,10,0.3695613594393675,-12.884086007625175,14
3,10,0.05,5,5,10,0.3693478106392441,-12.939686828585923,24
15,15,0.0,5,5,10,0.3687575983639369,-14.210233271757414,20
19,10,0.01,5,5,10,0.368680194376937,-13.452412667104854,17
3,10,0.0,10,5,10,0.3686177284199145,-13.092588520390875,13
8,10,0.01,10,5,10,0.3685857790775384,-13.673032567447304,11
9,20,0.05,10,5,10,0.36855637237845634,-13.001842140831407,13
20,10,0.0,5,5,10,0.3683580141248009,-13.171432080425822,22
19,15,0.0,10,5,10,0.36823344529742613,-12.537886567876626,14
3,15,0.0,10,5,10,0.3681894008981126,-12.380170201648282,13
10,10,0.01,10,5,10,0.3680861055322441,-12.100300457871032,17
20,15,0.0,5,5,10,0.3677801164959294,-13.183164888796304,17
10,20,0.0,5,5,10,0.3676399965382297,-13.614003737890094,23
15,15,0.01,5,5,10,0.3675694343261135,-13.616308270229677,24
3,5,0.01,5,5,10,0.36749572517703655,-15.150998818039154,19
5,15,0.0,5,5,10,0.3674165993580939,-13.473978152491554,20
21,20,0.0,5,5,10,0.3672374148465899,-12.566814118205187,18
19,15,0.05,5,5,10,0.3670728125320133,-12.981305833340524,18
15,20,0.05,10,5,10,0.3668800627262874,-12.615672894281676,3
5,20,0.05,10,5,10,0.36678848553035925,-12.407189496775706,15
13,15,0.05,5,5,10,0.3665144566187151,-13.912684315728644,16
20,15,0.01,10,5,10,0.3665101321215536,-14.130500672497543,12
5,20,0.0,10,5,5,0.36626963623247527,-12.274234416348747,7
9,15,0.05,5,5,10,0.3660237398404034,-13.432065960415807,20
19,15,0.01,10,5,10,0.36577072522113446,-12.028443908727835,14
5,15,0.05,10,5,10,0.36576642032291584,-13.291729089407898,17
9,20,0.01,5,5,10,0.3656191494837092,-13.192517246497303,20
13,10,0.05,10,5,10,0.36555845801747616,-12.924000150662833,16
19,15,0.01,5,5,10,0.3654231869243472,-13.088814266379316,18
20,10,0.01,5,5,10,0.3651236921019755,-13.12001471824135,22
12,20,0.0,10,5,10,0.3651099709783191,-12.368342604745427,15
12,15,0.0,5,5,10,0.3647701261056483,-12.893525915246729,15
17,20,0.05,5,5,10,0.36469861443574864,-13.238718141213926,22
7,20,0.01,5,5,10,0.36463854823022007,-13.546526413603337,27
9,15,0.0,5,5,10,0.3644137501909204,-14.522218314713202,23
9,5,0.01,5,5,10,0.36437904633571216,-13.95074829752196,13
19,20,0.05,5,5,10,0.3642830993265053,-12.96807406458347,20
10,15,0.01,10,5,10,0.3641535979461884,-13.361377876712574,14
17,10,0.05,5,5,10,0.36388541098069693,-13.724969311908024,19
21,10,0.05,5,5,10,0.3638344465688898,-13.70110700733478,14
19,10,0.05,5,5,10,0.3633500995932512,-12.88192210726209,21
12,15,0.01,5,5,10,0.3622213751084396,-12.70423013329221,14
21,10,0.0,10,5,10,0.3620275754037533,-12.90592336508875,17
11,10,0.05,10,5,10,0.3616493393289294,-13.121324870774993,16
10,10,0.0,5,5,10,0.3612941438934873,-12.715488453563427,21
20,15,0.0,10,5,10,0.3609919457541389,-13.911552278378185,12
15,15,0.05,10,5,10,0.36053715202898756,-13.690917150257738,11
21,10,0.01,10,5,10,0.3600867094638171,-12.611586573514785,15
7,10,0.05,5,5,10,0.3591501905791706,-13.895942809461577,24
11,10,0.05,5,5,10,0.35816940162692595,-13.21798408753711,21
9,15,0.01,5,5,10,0.356928217243636,-14.868874256136706,23
5,20,0.0,5,5,10,0.3567798148502213,-13.054108650461856,24
5,5,0.01,10,5,5,0.3566751061007151,-12.819015168385619,11
11,20,0.05,5,5,10,0.3562240874968316,-13.072291685496177,20
8,10,0.0,10,5,10,0.355937743317993,-13.528970128074564,16
21,10,0.0,5,5,10,0.3558971510681733,-13.107839147231696,19
11,10,0.01,5,5,10,0.3552886455476302,-13.11371261295474,22
5,10,0.01,5,5,10,0.3548451042793601,-12.928413660199276,19
13,10,0.0,10,5,10,0.35475372341549877,-13.020436077847256,15
5,5,0.0,10,5,5,0.3547380947622257,-13.330281313252955,9
7,20,0.0,5,5,10,0.35458586013731663,-13.29542857997406,25
7,20,0.01,10,5,10,0.3540477303972019,-12.964936585775376,14
8,10,0.01,5,5,10,0.3531934755071971,-12.776225870184057,19
3,10,0.05,10,5,10,0.35268197552274566,-12.255836979500558,15
3,15,0.05,10,5,10,0.35255734160483454,-12.534226986831571,10
5,15,0.01,10,5,10,0.3524404954642064,-13.112840806986991,18
7,10,0.01,10,5,10,0.35200125775737023,-12.751475690288228,16
11,15,0.05,5,5,10,0.3514040917583737,-12.878387057861762,9
5,10,0.01,10,5,10,0.3500122435415837,-13.64475705957723,15
5,20,0.05,5,5,10,0.3498093338966907,-12.523266327857716,23
8,20,0.01,5,5,10,0.349400069167776,-13.654156374411434,17
7,15,0.05,5,5,10,0.3486811200787733,-13.96146730358312,17
5,10,0.05,10,5,10,0.3481187667972014,-13.20072518547722,13
21,20,0.0,10,5,5,0.3475023749823459,-12.922583099441328,8
17,15,0.05,5,5,10,0.34364318710263275,-13.550880739126837,9
5,15,0.05,5,5,10,0.34332109374719866,-13.6570143425119,23
13,15,0.0,5,5,10,0.3432373262518443,-14.06889034645885,25
10,15,0.0,5,5,10,0.3423105686469108,-14.60290637639656,26
21,10,0.01,5,5,10,0.34189485129174396,-13.438921955391896,18
21,15,0.0,10,5,10,0.341115507924347,-13.89688209476772,10
5,20,0.01,5,5,10,0.33406767834147333,-13.541532242135398,25
3,5,0.01,10,5,5,0.32352999042749064,-12.123383805203432,3
19,5,0.05,5,5,5,0.32352999042749064,-12.123383805203432,3
15,5,0.05,10,5,5,0.32352999042749064,-12.123383805203432,3
19,5,0.0,10,5,5,0.32352999042749064,-12.123383805203432,3
19,5,0.05,10,5,5,0.32352999042749064,-12.123383805203432,3
3,5,0.05,10,5,5,0.32352999042749064,-12.123383805203432,3
13,5,0.01,10,5,5,0.32352999042749064,-12.123383805203432,3
5,5,0.05,10,5,5,0.32352999042749064,-12.123383805203432,3
13,5,0.01,5,5,5,0.32352999042749064,-12.123383805203432,3
13,5,0.05,10,5,5,0.32352999042749064,-12.123383805203432,3
12,5,0.01,10,5,5,0.3235299904274906,-12.123383805203432,3
8,5,0.0,10,5,5,0.3235299904274906,-12.123383805203432,3
